1671000788182,228.3333282470703,137.3333282470703
1671000788192,230,138.16665649414062
1671000788199,230.8333282470703,138.16665649414062
1671000788206,232.5,138.16665649414062
1671000788214,234.16665649414062,138.16665649414062
1671000788222,237.5,138.16665649414062
1671000788230,240.8333282470703,138.16665649414062
1671000788238,245,138.16665649414062
1671000788252,248.3333282470703,138.16665649414062
1671000788259,251.66665649414062,138.16665649414062
1671000788266,253.3333282470703,138.16665649414062
1671000788273,256.6666564941406,138.16665649414062
1671000788280,260,138.16665649414062
1671000788287,266.6666564941406,138.16665649414062
1671000788294,272.5,139
1671000788302,278.33331298828125,139
1671000788310,285.83331298828125,139
1671000788316,292.5,139.8333282470703
1671000788324,298.33331298828125,139.8333282470703
1671000788332,308.33331298828125,140.66665649414062
1671000788340,317.5,141.5
1671000788348,325.0000305175781,142.3333282470703
1671000788356,335.0000305175781,143.16665649414062
1671000788364,343.33331298828125,144.8333282470703
1671000788372,348.33331298828125,145.66665649414062
1671000788380,356.6666564941406,146.5
1671000788388,365.0000305175781,147.3333282470703
1671000788396,373.33331298828125,148.16665649414062
1671000788404,385.83331298828125,149.8333282470703
1671000788419,390.83331298828125,149.8333282470703
1671000788426,400.83331298828125,149.8333282470703
1671000788433,408.33331298828125,149.8333282470703
1671000788440,418.33331298828125,149.8333282470703
1671000788447,428.33331298828125,151.5
1671000788454,441.6666564941406,151.5
1671000788461,451.6666564941406,152.3333282470703
1671000788468,460.83331298828125,152.3333282470703
1671000788475,470,152.3333282470703
1671000788482,485,153.16665649414062
1671000788490,494.1666564941406,153.16665649414062
1671000788498,505,153.16665649414062
1671000788506,515,153.16665649414062
1671000788514,526.6666259765625,153.16665649414062
1671000788522,535.8333129882812,153.16665649414062
1671000788530,548.3333129882812,153.16665649414062
1671000788538,558.3333129882812,153.16665649414062
1671000788546,573.3333129882812,153.16665649414062
1671000788554,585,153.16665649414062
1671000788562,594.1666259765625,153.16665649414062
1671000788568,607.5,152.3333282470703
1671000788576,616.6666259765625,151.5
1671000788584,632.5,149.8333282470703
1671000788592,651.6666259765625,147.3333282470703
1671000788600,663.3333129882812,147.3333282470703
1671000788608,679.1666259765625,146.5
1671000788616,692.5000610351562,146.5
1671000788624,700.8333129882812,146.5
1671000788632,711.6666259765625,146.5
1671000788640,719.1666259765625,146.5
1671000788648,729.1666259765625,146.5
1671000788656,735.8333129882812,146.5
1671000788664,748.3333129882812,146.5
1671000788672,756.6666259765625,146.5
1671000788680,765.8333129882812,146.5
1671000788686,775.8333129882812,145.66665649414062
1671000788694,782.5000610351562,144.8333282470703
1671000788702,791.6666259765625,144
1671000788710,800.8333129882812,143.16665649414062
1671000788724,805.0000610351562,143.16665649414062
1671000788732,815.0000610351562,142.3333282470703
1671000788738,821.6666259765625,142.3333282470703
1671000788745,830.8333129882812,142.3333282470703
1671000788752,840.0000610351562,141.5
1671000788759,851.6666259765625,140.66665649414062
1671000788766,860.8333129882812,138.16665649414062
1671000788774,875,136.5
1671000788782,884.1666259765625,135.66665649414062
1671000788790,900.8333129882812,133.16665649414062
1671000788798,920.8333129882812,130.66665649414062
1671000788804,948.3333129882812,129.8333282470703
1671000788814,960,129.8333282470703
1671000788820,966.6666259765625,129.8333282470703
1671000788828,980,129.8333282470703
1671000788843,994.1666259765625,129.8333282470703
1671000788850,1004.1666259765625,129.8333282470703
1671000788857,1014.1666259765625,129.8333282470703
1671000788863,1030.833251953125,129.8333282470703
1671000788870,1042.5,129.8333282470703
1671000788878,1052.5,129.8333282470703
1671000788886,1064.1666259765625,129.8333282470703
1671000788892,1074.1666259765625,129.8333282470703
1671000788900,1081.6666259765625,129.8333282470703
1671000788908,1087.5,129.8333282470703
1671000788916,1091.6666259765625,129.8333282470703
1671000788924,1095,129.8333282470703
1671000788932,1097.5,129.8333282470703
1671000788938,1100,129.8333282470703
1671000788946,1101.6666259765625,129.8333282470703
1671000788961,1103.333251953125,129.8333282470703
1671000788996,1104.1666259765625,129.8333282470703
1671000789002,1106.6666259765625,129.8333282470703
1671000789010,1108.333251953125,129.8333282470703
1671000789018,1111.6666259765625,129.8333282470703
1671000789026,1115,129.8333282470703
1671000789034,1119.1666259765625,129.8333282470703
1671000789042,1123.333251953125,129.8333282470703
1671000789050,1126.6666259765625,129.8333282470703
1671000789065,1132.5,129.8333282470703
1671000789074,1133.333251953125,129.8333282470703
1671000789080,1135,129.8333282470703
1671000789088,1135.833251953125,129.8333282470703
1671000789096,1136.6666259765625,129.8333282470703
1671000790090,367.5000305175781,164
1671000790170,367.5000305175781,164.8333282470703
1671000790176,367.5000305175781,165.6666717529297
1671000790197,367.5000305175781,166.5
1671000790203,368.33331298828125,168.1666717529297
1671000790210,368.33331298828125,169.8333282470703
1671000790222,368.33331298828125,171.5
1671000790230,368.33331298828125,173.1666717529297
1671000790238,369.1666564941406,175.6666717529297
1671000790246,369.1666564941406,179
1671000790254,369.1666564941406,182.3333282470703
1671000790262,370.0000305175781,185.6666717529297
1671000790270,370.0000305175781,190.6666717529297
1671000790278,370.83331298828125,194
1671000790286,370.83331298828125,197.33331298828125
1671000790301,370.83331298828125,200.6666717529297
1671000790308,370.83331298828125,202.33331298828125
1671000790315,370.83331298828125,204
1671000790322,370.83331298828125,206.5
1671000790328,370.83331298828125,209.83331298828125
1671000790335,370.83331298828125,212.33331298828125
1671000790342,370.83331298828125,214.83331298828125
1671000790349,370.83331298828125,216.50001525878906
1671000790356,370.83331298828125,218.16665649414062
1671000790364,370.83331298828125,219.00001525878906
1671000790372,370.83331298828125,220.66665649414062
1671000790380,370.83331298828125,221.50001525878906
1671000790388,370.83331298828125,223.16665649414062
1671000790396,370.83331298828125,226.50001525878906
1671000790419,370.83331298828125,229.83331298828125
1671000790426,370.83331298828125,233.16665649414062
1671000790433,370.0000305175781,235.66665649414062
1671000790440,370.0000305175781,237.33331298828125
1671000790446,370.0000305175781,239.00001525878906
1671000790454,370.0000305175781,241.50001525878906
1671000790460,370.0000305175781,244.83331298828125
1671000790467,370.0000305175781,249.00001525878906
1671000790474,370.0000305175781,252.33331298828125
1671000790482,370.0000305175781,255.66665649414062
1671000790490,370.0000305175781,258.1666564941406
1671000790498,370.0000305175781,261.5
1671000790506,370.0000305175781,264.83331298828125
1671000790514,370.0000305175781,266.5
1671000790522,370.0000305175781,268.1666564941406
1671000790537,370.0000305175781,269
1671000790544,370.0000305175781,269.83331298828125
1671000790551,370.0000305175781,270.6666564941406
1671000790558,370.0000305175781,272.33331298828125
1671000790565,370.0000305175781,273.1666564941406
1671000790572,369.1666564941406,274.83331298828125
1671000790579,368.33331298828125,276.5
1671000790585,368.33331298828125,278.1666564941406
1671000790594,368.33331298828125,280.6666564941406
1671000790600,367.5000305175781,283.1666564941406
1671000790608,367.5000305175781,286.5
1671000790616,367.5000305175781,289
1671000790624,367.5000305175781,292.33331298828125
1671000790632,367.5000305175781,295.6666564941406
1671000790640,367.5000305175781,298.1666564941406
1671000790655,366.6666564941406,301.5
1671000790662,366.6666564941406,303.1666564941406
1671000790669,366.6666564941406,305.6666564941406
1671000790676,366.6666564941406,308.1666564941406
1671000790683,366.6666564941406,310.6666564941406
1671000790690,366.6666564941406,314.83331298828125
1671000790696,366.6666564941406,318.1666564941406
1671000790704,366.6666564941406,319.83331298828125
1671000790710,366.6666564941406,321.5
1671000790718,366.6666564941406,322.33331298828125
1671000790726,366.6666564941406,324.83331298828125
1671000790734,365.83331298828125,326.5
1671000790742,365.83331298828125,328.16668701171875
1671000790750,365.83331298828125,329
1671000790758,365.83331298828125,330.66668701171875
1671000790773,365.83331298828125,332.33331298828125
1671000790780,365.0000305175781,333.16668701171875
1671000790814,365.0000305175781,334.83331298828125
1671000790828,365.0000305175781,335.66668701171875
1671000790835,365.0000305175781,339.83331298828125
1671000790842,365.0000305175781,342.33331298828125
1671000790849,365.0000305175781,346.5
1671000790856,365.0000305175781,349.83331298828125
1671000790863,365.0000305175781,352.33331298828125
1671000790870,365.0000305175781,353.16668701171875
1671000790877,365.0000305175781,354.83331298828125
1671000790898,365.0000305175781,355.66668701171875
1671000790934,365.0000305175781,358.16668701171875
1671000790940,365.83331298828125,361.5
1671000790948,366.6666564941406,364
1671000790954,366.6666564941406,367.33331298828125
1671000790964,366.6666564941406,369
1671000790970,367.5000305175781,370.66668701171875
1671000790978,368.33331298828125,373.16668701171875
1671000790986,369.1666564941406,374.83331298828125
1671000791009,369.1666564941406,375.66668701171875
1671000791037,369.1666564941406,378.16668701171875
1671000791056,370.0000305175781,383.16668701171875
1671000791064,370.83331298828125,386.5
1671000791072,371.6666564941406,389
1671000791078,371.6666564941406,391.5
1671000791085,371.6666564941406,393.16668701171875
1671000791113,371.6666564941406,394
1671000793565,373.33331298828125,406.5
1671000793658,372.5000305175781,406.5
1671000793664,371.6666564941406,406.5
1671000793672,369.1666564941406,406.5
1671000793680,365.83331298828125,406.5
1671000793688,361.6666564941406,406.5
1671000793703,356.6666564941406,406.5
1671000793710,350.83331298828125,406.5
1671000793717,344.1666564941406,406.5
1671000793724,332.5000305175781,408.16668701171875
1671000793731,329.1666564941406,409
1671000793738,320.83331298828125,411.5
1671000793744,316.6666564941406,414
1671000793752,312.5,415.66668701171875
1671000793758,307.5,418.16668701171875
1671000793768,305,419.83331298828125
1671000793774,302.5,421.5
1671000793782,300,422.33331298828125
1671000793790,298.33331298828125,425.66668701171875
1671000793798,296.6666564941406,426.5
1671000793806,295,429.0000305175781
1671000793821,293.33331298828125,430.6666564941406
1671000793828,293.33331298828125,433.1666564941406
1671000793835,291.6666564941406,435.6666564941406
1671000793842,290,438.1666564941406
1671000793849,289.1666564941406,441.5000305175781
1671000793856,288.33331298828125,444.0000305175781
1671000793862,287.5,446.5000305175781
1671000793870,285.83331298828125,449.0000305175781
1671000793878,285,454.83331298828125
1671000793886,285,456.5000305175781
1671000793892,284.1666564941406,462.33331298828125
1671000793900,284.1666564941406,466.5000305175781
1671000793908,283.33331298828125,472.33331298828125
1671000793916,283.33331298828125,474.0000305175781
1671000793924,282.5,478.1666564941406
1671000793939,282.5,483.1666564941406
1671000793946,282.5,485.6666564941406
1671000793953,282.5,491.5000305175781
1671000793960,282.5,494.83331298828125
1671000793967,283.33331298828125,501.5000305175781
1671000793974,285,507.33331298828125
1671000793981,286.6666564941406,514.8333129882812
1671000793988,288.33331298828125,521.5
1671000793996,290,524.8333129882812
1671000794004,290.83331298828125,529
1671000794010,291.6666564941406,531.5
1671000794020,293.33331298828125,534
1671000794026,295,537.3333129882812
1671000794034,297.5,539.8333129882812
1671000794042,299.1666564941406,542.3333129882812
1671000794057,303.33331298828125,546.5
1671000794064,306.6666564941406,547.3333129882812
1671000794071,308.33331298828125,549
1671000794078,310.83331298828125,549.8333129882812
1671000794085,315,553.1666259765625
1671000794092,318.33331298828125,554.8333129882812
1671000794099,322.5000305175781,555.6666259765625
1671000794106,330.0000305175781,558.1666259765625
1671000794114,333.33331298828125,559.8333129882812
1671000794122,340.83331298828125,561.5
1671000794128,349.1666564941406,562.3333129882812
1671000794138,357.5000305175781,563.1666259765625
1671000794144,366.6666564941406,563.1666259765625
1671000794152,375.83331298828125,563.1666259765625
1671000794160,382.5000305175781,563.1666259765625
1671000794168,398.33331298828125,559.8333129882812
1671000794176,405.0000305175781,558.1666259765625
1671000794184,415.83331298828125,555.6666259765625
1671000794192,421.6666564941406,553.1666259765625
1671000794200,427.5,550.6666259765625
1671000794208,433.33331298828125,548.1666259765625
1671000794216,437.5,545.6666259765625
1671000794230,444.1666564941406,539
1671000794237,447.5,536.5
1671000794244,452.5,530.6666259765625
1671000794251,455,526.5
1671000794258,456.6666564941406,523.1666259765625
1671000794265,457.5,518.1666259765625
1671000794272,458.33331298828125,515.6666259765625
1671000794279,460,508.1666564941406
1671000794286,460.83331298828125,504.0000305175781
1671000794294,461.6666564941406,498.1666564941406
1671000794302,461.6666564941406,494.0000305175781
1671000794310,462.5,488.1666564941406
1671000794318,462.5,484.83331298828125
1671000794326,462.5,481.5000305175781
1671000794334,462.5,476.5000305175781
1671000794348,462.5,473.1666564941406
1671000794355,461.6666564941406,468.1666564941406
1671000794362,460.83331298828125,464.83331298828125
1671000794369,460,463.1666564941406
1671000794376,459.1666564941406,459.0000305175781
1671000794383,457.5,453.1666564941406
1671000794390,456.6666564941406,452.33331298828125
1671000794397,454.1666564941406,448.1666564941406
1671000794404,450,443.1666564941406
1671000794412,445.83331298828125,439.0000305175781
1671000794420,444.1666564941406,437.33331298828125
1671000794428,439.1666564941406,432.33331298828125
1671000794436,435.83331298828125,430.6666564941406
1671000794444,432.5,427.33331298828125
1671000794452,429.1666564941406,424.83331298828125
1671000794466,423.33331298828125,419.83331298828125
1671000794473,418.33331298828125,419
1671000794480,415.83331298828125,418.16668701171875
1671000794487,407.5000305175781,415.66668701171875
1671000794494,404.1666564941406,414.83331298828125
1671000794501,395.83331298828125,411.5
1671000794508,386.6666564941406,409.83331298828125
1671000794515,380.83331298828125,408.16668701171875
1671000794522,376.6666564941406,407.33331298828125
1671000794530,372.5000305175781,406.5
1671000794538,366.6666564941406,404.83331298828125
1671000794546,363.33331298828125,404
1671000794554,358.33331298828125,402.33331298828125
1671000794562,353.33331298828125,399.83331298828125
1671000794570,350.83331298828125,398.16668701171875
1671000794585,350.0000305175781,398.16668701171875
1671000794592,348.33331298828125,398.16668701171875
1671000794666,347.5000305175781,399
1671000794682,345.83331298828125,401.5
1671000794688,345.0000305175781,404.83331298828125
1671000796644,363.33331298828125,582.3333129882812
1671000796705,364.1666564941406,583.1666259765625
1671000796712,365.0000305175781,584.8333129882812
1671000796720,365.0000305175781,587.3333129882812
1671000796728,365.0000305175781,589.8333129882812
1671000796736,365.83331298828125,594.8333129882812
1671000796744,365.83331298828125,599
1671000796752,365.83331298828125,601.5
1671000796760,365.83331298828125,608.1666259765625
1671000796768,365.83331298828125,612.3333129882812
1671000796776,365.83331298828125,617.3333129882812
1671000796784,365.83331298828125,619.8333129882812
1671000796792,365.83331298828125,622.3333129882812
1671000796799,365.83331298828125,624
1671000796806,365.83331298828125,625.6666259765625
1671000796814,365.83331298828125,627.3333129882812
1671000796822,365.83331298828125,629
1671000796830,365.83331298828125,630.6666259765625
1671000796838,365.83331298828125,632.3333129882812
1671000796846,365.83331298828125,634.8333129882812
1671000796854,365.83331298828125,637.3333129882812
1671000796862,365.83331298828125,639.8333129882812
1671000796870,365.83331298828125,642.3333129882812
1671000796878,365.83331298828125,644.8333129882812
1671000796886,365.0000305175781,646.5
1671000796894,365.0000305175781,647.3333129882812
1671000797702,365.0000305175781,695.6666259765625
1671000797746,365.0000305175781,694.8333129882812
1671000797752,366.6666564941406,694
1671000797760,367.5000305175781,694
1671000797768,368.33331298828125,694
1671000797776,370.0000305175781,694
1671000797784,372.5000305175781,693.1666259765625
1671000797792,374.1666564941406,692.3333129882812
1671000797800,377.5000305175781,691.5
1671000797808,384.1666564941406,689.8333129882812
1671000797814,388.33331298828125,688.1666259765625
1671000797822,396.6666564941406,685.6666259765625
1671000797832,404.1666564941406,684
1671000797838,407.5000305175781,684
1671000797846,413.33331298828125,684
1671000797854,416.6666564941406,684
1671000797869,420.0000305175781,684
1671000797876,422.5000305175781,684
1671000797883,425.0000305175781,684
1671000797890,425.83331298828125,684
1671000797933,426.6666564941406,684
1671000797942,427.5,684
1671000797959,428.33331298828125,684
1671000797966,429.1666564941406,684
1671000797973,430,684
1671000797980,430.83331298828125,684.8333129882812
1671000798307,468.33331298828125,695.6666259765625
1671000798329,469.1666564941406,695.6666259765625
1671000798348,470,695.6666259765625
1671000798355,470.83331298828125,695.6666259765625
1671000798362,472.5,694.8333129882812
1671000798369,475,694
1671000798375,480,693.1666259765625
1671000798382,485.83331298828125,692.3333129882812
1671000798390,491.6666564941406,692.3333129882812
1671000798398,501.6666564941406,691.5
1671000798406,509.1666564941406,690.6666259765625
1671000798414,515.8333129882812,690.6666259765625
1671000798422,520.8333129882812,690.6666259765625
1671000798430,528.3333129882812,690.6666259765625
1671000798445,532.5,690.6666259765625
1671000798452,535.8333129882812,690.6666259765625
1671000798459,541.6666259765625,690.6666259765625
1671000798466,544.1666259765625,690.6666259765625
1671000798473,545.8333129882812,690.6666259765625
1671000798484,546.6666259765625,690.6666259765625
1671000798501,547.5,690.6666259765625
1671000798508,548.3333129882812,690.6666259765625
1671000798516,550,690.6666259765625
1671000798524,551.6666259765625,690.6666259765625
1671000798532,552.5,690.6666259765625
1671000798540,554.1666259765625,690.6666259765625
1671000798548,555.8333129882812,691.5
1671000798563,556.6666259765625,691.5
1671000798873,584.1666259765625,696.5
1671000798878,585,696.5
1671000798886,585.8333129882812,696.5
1671000798894,586.6666259765625,696.5
1671000798902,587.5,696.5
1671000798910,589.1666259765625,696.5
1671000798918,595,696.5
1671000798926,597.5,695.6666259765625
1671000798934,605,695.6666259765625
1671000798942,610.8333129882812,694.8333129882812
1671000798950,620,694.8333129882812
1671000798956,627.5,694.8333129882812
1671000798964,636.6666259765625,694
1671000798972,643.3333129882812,694
1671000798986,656.6666259765625,693.1666259765625
1671000798993,667.5000610351562,693.1666259765625
1671000799000,674.1666259765625,693.1666259765625
1671000799007,680.0000610351562,692.3333129882812
1671000799014,685.8333129882812,692.3333129882812
1671000799021,690.0000610351562,692.3333129882812
1671000799028,692.5000610351562,692.3333129882812
1671000799036,695.0000610351562,692.3333129882812
1671000799069,695.0000610351562,693.1666259765625
1671000801136,702.5000610351562,572.3333129882812
1671000801171,702.5000610351562,574
1671000801187,702.5000610351562,574.8333129882812
1671000801194,702.5000610351562,575.6666259765625
1671000801202,702.5000610351562,578.1666259765625
1671000801210,702.5000610351562,580.6666259765625
1671000801229,702.5000610351562,581.5
1671000801236,702.5000610351562,582.3333129882812
1671000801243,703.3333129882812,583.1666259765625
1671000801250,703.3333129882812,584
1671000801258,703.3333129882812,588.1666259765625
1671000801266,703.3333129882812,591.5
1671000801272,703.3333129882812,595.6666259765625
1671000801280,703.3333129882812,598.1666259765625
1671000801288,703.3333129882812,599
1671000801296,703.3333129882812,601.5
1671000801304,703.3333129882812,602.3333129882812
1671000801312,703.3333129882812,605.6666259765625
1671000801320,703.3333129882812,608.1666259765625
1671000801328,702.5000610351562,610.6666259765625
1671000801336,702.5000610351562,613.1666259765625
1671000801344,702.5000610351562,617.3333129882812
1671000801352,702.5000610351562,619.8333129882812
1671000801360,702.5000610351562,622.3333129882812
1671000801368,702.5000610351562,624.8333129882812
1671000801376,702.5000610351562,626.5
1671000801384,702.5000610351562,629
1671000801390,702.5000610351562,630.6666259765625
1671000801398,702.5000610351562,633.1666259765625
1671000801408,702.5000610351562,634.8333129882812
1671000801414,702.5000610351562,637.3333129882812
1671000801422,702.5000610351562,640.6666259765625
1671000801430,702.5000610351562,642.3333129882812
1671000801438,702.5000610351562,645.6666259765625
1671000801446,702.5000610351562,647.3333129882812
1671000801454,702.5000610351562,648.1666259765625
1671000801462,702.5000610351562,649.8333129882812
1671000801470,702.5000610351562,651.5
1671000801478,702.5000610351562,654
1671000801493,702.5000610351562,655.6666259765625
1671000801500,702.5000610351562,656.5
1671000801507,702.5000610351562,659
1671000801514,702.5000610351562,660.6666259765625
1671000801521,701.6666259765625,663.1666259765625
1671000801528,701.6666259765625,665.6666259765625
1671000801535,701.6666259765625,666.5
1671000801542,701.6666259765625,668.1666259765625
1671000801549,701.6666259765625,669.8333129882812
1671000801556,701.6666259765625,670.6666259765625
1671000801564,701.6666259765625,672.3333129882812
1671000801572,701.6666259765625,673.1666259765625
1671000801580,701.6666259765625,674.8333129882812
1671000801588,701.6666259765625,676.5
1671000801596,701.6666259765625,679
1671000801604,701.6666259765625,680.6666259765625
1671000801612,701.6666259765625,684
1671000801620,701.6666259765625,686.5
1671000801628,701.6666259765625,688.1666259765625
1671000801636,701.6666259765625,690.6666259765625
1671000801642,701.6666259765625,692.3333129882812
1671000801652,701.6666259765625,693.1666259765625
1671000801666,701.6666259765625,694.8333129882812
1671000801674,701.6666259765625,695.6666259765625
1671000801682,701.6666259765625,696.5
1671000801701,701.6666259765625,697.3333129882812
1671000801714,701.6666259765625,699
1671000801729,701.6666259765625,699.8333129882812
1671000801736,701.6666259765625,700.6666259765625
1671000801743,701.6666259765625,701.5
1671000801754,701.6666259765625,702.3333129882812
1671000801777,701.6666259765625,703.1666259765625
1671000801793,701.6666259765625,704.8333129882812
1671000801800,701.6666259765625,705.6666259765625
1671000801808,701.6666259765625,706.5
1671000801816,701.6666259765625,708.1666259765625
1671000801824,701.6666259765625,709.8333129882812
1671000801832,701.6666259765625,710.6666259765625
1671000801840,702.5000610351562,711.5
1671000801848,702.5000610351562,713.1666259765625
1671000801868,702.5000610351562,714.8333129882812
1671000801880,702.5000610351562,715.6666259765625
1671000801888,702.5000610351562,717.3333129882812
1671000801896,702.5000610351562,718.1666259765625
1671000801904,702.5000610351562,719
1671000801910,702.5000610351562,719.8333129882812
1671000801968,702.5000610351562,721.5
1671000801974,703.3333129882812,724
1671000801982,703.3333129882812,725.6666259765625
1671000801990,703.3333129882812,727.3333129882812
1671000801998,703.3333129882812,728.1666259765625
1671000802006,703.3333129882812,729
1671000802094,703.3333129882812,729.8333129882812
1671000802100,703.3333129882812,730.6666259765625
1671000802108,703.3333129882812,731.5
1671000802116,704.1666259765625,731.5
1671000802211,704.1666259765625,730.6666259765625
1671000802692,707.5000610351562,588.1666259765625
1671000802701,707.5000610351562,589
1671000802731,708.3333129882812,589
1671000802738,710.0000610351562,589
1671000802746,711.6666259765625,589
1671000802754,715.8333129882812,588.1666259765625
1671000802762,721.6666259765625,587.3333129882812
1671000802770,726.6666259765625,586.5
1671000802778,734.1666259765625,585.6666259765625
1671000802786,744.1666259765625,584.8333129882812
1671000802794,753.3333129882812,584.8333129882812
1671000802800,758.3333129882812,584.8333129882812
1671000802808,766.6666259765625,584.8333129882812
1671000802816,777.5000610351562,584.8333129882812
1671000802824,783.3333129882812,584.8333129882812
1671000802832,791.6666259765625,584.8333129882812
1671000802847,798.3333129882812,584.8333129882812
1671000802854,804.1666259765625,584.8333129882812
1671000802861,809.1666259765625,584.8333129882812
1671000802868,818.3333129882812,584.8333129882812
1671000802875,820.8333129882812,584.8333129882812
1671000802882,828.3333129882812,584
1671000802889,832.5000610351562,583.1666259765625
1671000802896,835.0000610351562,582.3333129882812
1671000802904,840.0000610351562,582.3333129882812
1671000802912,845.0000610351562,581.5
1671000802918,847.5000610351562,581.5
1671000802928,850.8333129882812,580.6666259765625
1671000802934,853.3333129882812,580.6666259765625
1671000802942,856.6666259765625,580.6666259765625
1671000802950,861.6666259765625,579
1671000802965,864.1666259765625,578.1666259765625
1671000802972,870.8333129882812,577.3333129882812
1671000802979,874.1666259765625,577.3333129882812
1671000802986,877.5,577.3333129882812
1671000802993,884.1666259765625,576.5
1671000803000,889.1666259765625,576.5
1671000803007,892.5,576.5
1671000803014,895,576.5
1671000803022,902.5,578.1666259765625
1671000803030,910,578.1666259765625
1671000803038,911.6666259765625,578.1666259765625
1671000803046,917.5,579
1671000803052,925,579
1671000803060,928.3333129882812,579
1671000803068,933.3333129882812,579
1671000803083,935.8333129882812,579
1671000803090,937.5,579
1671000803117,939.1666259765625,579
1671000803134,940,579
1671000803140,941.6666259765625,579
1671000803148,942.5,579
1671000803156,944.1666259765625,578.1666259765625
1671000803164,945,578.1666259765625
1671000803212,945.8333129882812,578.1666259765625
1671000803229,946.6666259765625,579
1671000803236,946.6666259765625,579.8333129882812
1671000803243,946.6666259765625,581.5
1671000803250,946.6666259765625,582.3333129882812
1671000803258,946.6666259765625,584
1671000803266,946.6666259765625,586.5
1671000803274,946.6666259765625,589.8333129882812
1671000803282,946.6666259765625,594.8333129882812
1671000803290,945.8333129882812,599
1671000803296,945,604.8333129882812
1671000803312,943.3333129882812,614
1671000803320,942.5,616.5
1671000803328,941.6666259765625,622.3333129882812
1671000803336,940.8333129882812,625.6666259765625
1671000803344,939.1666259765625,632.3333129882812
1671000803352,939.1666259765625,638.1666259765625
1671000803360,938.3333129882812,643.1666259765625
1671000803374,937.5,645.6666259765625
1671000803381,937.5,649
1671000803388,936.6666259765625,654
1671000803395,935,659.8333129882812
1671000803402,934.1666259765625,660.6666259765625
1671000803409,933.3333129882812,664
1671000803416,932.5,666.5
1671000803424,931.6666259765625,670.6666259765625
1671000803430,931.6666259765625,674.8333129882812
1671000803438,930,680.6666259765625
1671000803446,929.1666259765625,683.1666259765625
1671000803454,928.3333129882812,684
1671000803462,928.3333129882812,685.6666259765625
1671000803470,928.3333129882812,687.3333129882812
1671000803478,928.3333129882812,688.1666259765625
1671000803493,928.3333129882812,689.8333129882812
1671000803500,928.3333129882812,691.5
1671000803507,928.3333129882812,696.5
1671000803514,927.5,703.1666259765625
1671000803520,927.5,705.6666259765625
1671000803527,927.5,709
1671000803534,927.5,711.5
1671000803542,927.5,713.1666259765625
1671000803548,927.5,714
1671000803558,927.5,714.8333129882812
1671000803564,927.5,716.5
1671000803583,927.5,717.3333129882812
1671000803590,927.5,718.1666259765625
1671000803748,927.5,719
1671000803754,927.5,719.8333129882812
1671000803762,927.5,722.3333129882812
1671000803770,926.6666259765625,724
1671000803778,925.8333129882812,724.8333129882812
1671000803786,925,726.5
1671000803809,925,727.3333129882812
1671000803833,925,728.1666259765625
1671000803853,925,729.8333129882812
1671000803861,924.1666259765625,730.6666259765625
1671000803868,924.1666259765625,731.5
1671000803874,924.1666259765625,732.3333129882812
1671000803882,924.1666259765625,733.1666259765625
1671000803888,924.1666259765625,734
1671000803896,923.3333129882812,734
1671000804086,922.5,734
1671000804092,921.6666259765625,734
1671000804100,920.8333129882812,734
1671000804108,917.5,734
1671000804116,915.8333129882812,734
1671000804124,910.8333129882812,734
1671000804132,906.6666259765625,734
1671000804140,902.5,734
1671000804148,900,734
1671000804156,896.6666259765625,734
1671000804164,892.5,734
1671000804172,888.3333129882812,734
1671000804178,884.1666259765625,734
1671000804186,880.8333129882812,734
1671000804201,874.1666259765625,734.8333129882812
1671000804208,870.8333129882812,734.8333129882812
1671000804215,864.1666259765625,734.8333129882812
1671000804222,861.6666259765625,734.8333129882812
1671000804229,857.5,734.8333129882812
1671000804235,852.5000610351562,735.6666259765625
1671000804243,846.6666259765625,735.6666259765625
1671000804250,840.0000610351562,735.6666259765625
1671000804258,829.1666259765625,735.6666259765625
1671000804266,822.5000610351562,735.6666259765625
1671000804274,816.6666259765625,735.6666259765625
1671000804282,809.1666259765625,735.6666259765625
1671000804290,801.6666259765625,735.6666259765625
1671000804305,796.6666259765625,735.6666259765625
1671000804312,792.5000610351562,736.5
1671000804319,788.3333129882812,736.5
1671000804326,784.1666259765625,737.3333129882812
1671000804333,780.8333129882812,737.3333129882812
1671000804340,776.6666259765625,739
1671000804347,774.1666259765625,739.8333129882812
1671000804354,768.3333129882812,740.6666259765625
1671000804361,767.5000610351562,740.6666259765625
1671000804368,764.1666259765625,741.5
1671000804376,760.8333129882812,741.5
1671000804384,756.6666259765625,742.3333129882812
1671000804392,755.0000610351562,742.3333129882812
1671000804400,751.6666259765625,743.1666259765625
1671000804408,750.0000610351562,744
1671000804423,748.3333129882812,744
1671000804430,744.1666259765625,744
1671000804438,742.5000610351562,744.8333129882812
1671000804448,740.8333129882812,744.8333129882812
1671000804454,740.0000610351562,744.8333129882812
1671000804462,738.3333129882812,744.8333129882812
1671000804470,735.8333129882812,744.8333129882812
1671000804478,733.3333129882812,744.8333129882812
1671000804486,731.6666259765625,744.8333129882812
1671000804494,730.8333129882812,744.8333129882812
1671000804502,730.0000610351562,744.8333129882812
1671000804535,729.1666259765625,744.8333129882812
1671000804559,727.5000610351562,744.8333129882812
1671000804564,726.6666259765625,744.8333129882812
1671000804572,725.8333129882812,744
1671000804580,724.1666259765625,743.1666259765625
1671000804588,723.3333129882812,743.1666259765625
1671000804596,721.6666259765625,743.1666259765625
1671000804610,720.0000610351562,743.1666259765625
1671000804617,719.1666259765625,743.1666259765625
1671000804624,718.3333129882812,742.3333129882812
1671000804631,716.6666259765625,742.3333129882812
1671000804653,715.8333129882812,742.3333129882812
1671000804678,715.0000610351562,742.3333129882812
1671000804684,714.1666259765625,742.3333129882812
1671000804692,712.5000610351562,741.5
1671000804698,710.8333129882812,740.6666259765625
1671000804706,706.6666259765625,739
1671000804714,704.1666259765625,739
1671000804722,703.3333129882812,738.1666259765625
1671000804730,702.5000610351562,737.3333129882812
1671000804749,701.6666259765625,737.3333129882812
1671000805007,701.6666259765625,736.5
1671000805615,815.8333129882812,601.5
1671000805708,815.8333129882812,602.3333129882812
1671000805731,815.8333129882812,603.1666259765625
1671000805738,815.0000610351562,604
1671000805746,814.1666259765625,604.8333129882812
1671000805754,813.3333129882812,604.8333129882812
1671000805762,810.8333129882812,605.6666259765625
1671000805777,809.1666259765625,605.6666259765625
1671000805784,808.3333129882812,606.5
1671000805791,806.6666259765625,607.3333129882812
1671000805798,805.0000610351562,607.3333129882812
1671000805805,800.8333129882812,608.1666259765625
1671000805812,798.3333129882812,609.8333129882812
1671000805819,795.8333129882812,611.5
1671000805826,794.1666259765625,611.5
1671000805834,791.6666259765625,613.1666259765625
1671000805840,787.5000610351562,615.6666259765625
1671000805848,783.3333129882812,616.5
1671000805856,781.6666259765625,616.5
1671000805864,780.0000610351562,618.1666259765625
1671000805872,776.6666259765625,619
1671000805880,775.8333129882812,619
1671000805895,774.1666259765625,619.8333129882812
1671000805904,772.5000610351562,620.6666259765625
1671000805912,770.8333129882812,620.6666259765625
1671000805920,768.3333129882812,622.3333129882812
1671000805928,767.5000610351562,623.1666259765625
1671000805936,764.1666259765625,624
1671000805944,761.6666259765625,625.6666259765625
1671000805952,760.0000610351562,625.6666259765625
1671000805958,759.1666259765625,626.5
1671000805966,757.5000610351562,628.1666259765625
1671000805976,755.8333129882812,628.1666259765625
1671000805982,754.1666259765625,629.8333129882812
1671000805990,753.3333129882812,630.6666259765625
1671000805998,751.6666259765625,632.3333129882812
1671000806013,750.8333129882812,633.1666259765625
1671000806020,749.1666259765625,634
1671000806027,746.6666259765625,637.3333129882812
1671000806034,745.8333129882812,637.3333129882812
1671000806041,745.0000610351562,639
1671000806054,744.1666259765625,639.8333129882812
1671000806062,743.3333129882812,640.6666259765625
1671000806070,742.5000610351562,641.5
1671000806078,742.5000610351562,643.1666259765625
1671000806084,741.6666259765625,644.8333129882812
1671000806094,740.8333129882812,646.5
1671000806100,740.0000610351562,648.1666259765625
1671000806108,738.3333129882812,649
1671000806116,738.3333129882812,649.8333129882812
1671000806124,738.3333129882812,650.6666259765625
1671000806132,737.5000610351562,650.6666259765625
1671000806140,737.5000610351562,652.3333129882812
1671000806148,737.5000610351562,653.1666259765625
1671000806156,736.6666259765625,654
1671000806164,735.8333129882812,657.3333129882812
1671000806172,735.8333129882812,658.1666259765625
1671000806181,735.0000610351562,659
1671000806188,735.0000610351562,659.8333129882812
1671000806196,735.0000610351562,661.5
1671000806204,735.0000610351562,662.3333129882812
1671000806221,734.1666259765625,664
1671000806228,734.1666259765625,665.6666259765625
1671000806235,733.3333129882812,669.8333129882812
1671000806242,733.3333129882812,671.5
1671000806250,732.5000610351562,673.1666259765625
1671000806258,732.5000610351562,674
1671000806266,732.5000610351562,674.8333129882812
1671000806284,732.5000610351562,675.6666259765625
1671000806304,732.5000610351562,676.5
1671000806312,732.5000610351562,677.3333129882812
1671000806318,732.5000610351562,678.1666259765625
1671000806325,732.5000610351562,679
1671000806332,732.5000610351562,679.8333129882812
1671000806339,732.5000610351562,680.6666259765625
1671000806346,732.5000610351562,681.5
1671000806353,732.5000610351562,682.3333129882812
1671000806360,733.3333129882812,684
1671000806368,733.3333129882812,684.8333129882812
1671000806376,733.3333129882812,685.6666259765625
1671000806395,733.3333129882812,686.5
1671000806402,733.3333129882812,687.3333129882812
1671000806409,733.3333129882812,688.1666259765625
1671000806416,733.3333129882812,689
1671000806424,733.3333129882812,690.6666259765625
1671000806432,733.3333129882812,692.3333129882812
1671000806440,733.3333129882812,694.8333129882812
1671000806448,734.1666259765625,695.6666259765625
1671000806456,735.0000610351562,697.3333129882812
1671000806462,735.0000610351562,699
1671000806470,735.8333129882812,700.6666259765625
1671000806485,735.8333129882812,702.3333129882812
1671000806492,737.5000610351562,704
1671000806499,738.3333129882812,705.6666259765625
1671000806506,739.1666259765625,706.5
1671000806513,740.0000610351562,708.1666259765625
1671000806520,740.8333129882812,708.1666259765625
1671000806527,742.5000610351562,710.6666259765625
1671000806534,744.1666259765625,711.5
1671000806542,745.0000610351562,712.3333129882812
1671000806550,745.8333129882812,713.1666259765625
1671000806558,747.5000610351562,714
1671000806566,748.3333129882812,714.8333129882812
1671000806574,749.1666259765625,715.6666259765625
1671000806582,750.8333129882812,715.6666259765625
1671000806590,751.6666259765625,716.5
1671000806598,754.1666259765625,717.3333129882812
1671000806604,755.8333129882812,718.1666259765625
1671000806612,757.5000610351562,718.1666259765625
1671000806620,758.3333129882812,719
1671000806628,760.0000610351562,720.6666259765625
1671000806636,762.5000610351562,720.6666259765625
1671000806644,763.3333129882812,721.5
1671000806659,764.1666259765625,721.5
1671000806666,765.8333129882812,722.3333129882812
1671000806673,766.6666259765625,722.3333129882812
1671000806679,768.3333129882812,722.3333129882812
1671000806686,770.8333129882812,722.3333129882812
1671000806693,772.5000610351562,722.3333129882812
1671000806700,774.1666259765625,723.1666259765625
1671000806708,776.6666259765625,724
1671000806716,777.5000610351562,724
1671000806722,778.3333129882812,724.8333129882812
1671000806730,780.0000610351562,724.8333129882812
1671000806738,782.5000610351562,724.8333129882812
1671000806746,784.1666259765625,724.8333129882812
1671000806754,785.8333129882812,725.6666259765625
1671000806762,787.5000610351562,725.6666259765625
1671000806777,789.1666259765625,725.6666259765625
1671000806784,790.8333129882812,725.6666259765625
1671000806791,792.5000610351562,725.6666259765625
1671000806797,793.3333129882812,725.6666259765625
1671000806804,794.1666259765625,726.5
1671000806811,795.8333129882812,726.5
1671000806818,797.5000610351562,726.5
1671000806826,799.1666259765625,727.3333129882812
1671000806834,800.8333129882812,727.3333129882812
1671000806842,804.1666259765625,728.1666259765625
1671000806850,805.8333129882812,728.1666259765625
1671000806856,808.3333129882812,728.1666259765625
1671000806864,810.0000610351562,728.1666259765625
1671000806872,811.6666259765625,728.1666259765625
1671000806880,813.3333129882812,728.1666259765625
1671000806895,814.1666259765625,729
1671000806902,815.8333129882812,729
1671000806912,816.6666259765625,729
1671000806920,818.3333129882812,729
1671000806928,820.0000610351562,729
1671000806936,821.6666259765625,729
1671000806944,824.1666259765625,729
1671000806952,825.8333129882812,729
1671000806960,827.5000610351562,729
1671000806966,830.0000610351562,729
1671000806974,831.6666259765625,729
1671000806982,834.1666259765625,729
1671000806990,835.8333129882812,729
1671000806998,838.3333129882812,729
1671000807006,840.0000610351562,729
1671000807014,841.6666259765625,729
1671000807022,842.5000610351562,729
1671000807030,843.3333129882812,729
1671000807038,844.1666259765625,729
1671000807046,845.0000610351562,728.1666259765625
1671000807054,845.8333129882812,727.3333129882812
1671000807062,847.5000610351562,725.6666259765625
1671000807082,848.3333129882812,724.8333129882812
1671000807089,850.0000610351562,724
1671000807096,850.8333129882812,722.3333129882812
1671000807103,852.5000610351562,721.5
1671000807110,854.1666259765625,719.8333129882812
1671000807117,855,717.3333129882812
1671000807124,857.5,715.6666259765625
1671000807132,859.1666259765625,713.1666259765625
1671000807140,860.8333129882812,710.6666259765625
1671000807148,861.6666259765625,709
1671000807156,864.1666259765625,707.3333129882812
1671000807164,864.1666259765625,705.6666259765625
1671000807172,865.8333129882812,703.1666259765625
1671000807180,866.6666259765625,702.3333129882812
1671000807188,867.5,701.5
1671000807196,868.3333129882812,699
1671000807204,868.3333129882812,697.3333129882812
1671000807212,870,696.5
1671000807220,871.6666259765625,693.1666259765625
1671000807226,873.3333129882812,689.8333129882812
1671000807234,875.8333129882812,687.3333129882812
1671000807249,876.6666259765625,685.6666259765625
1671000807256,880,682.3333129882812
1671000807263,880.8333129882812,680.6666259765625
1671000807270,882.5,679
1671000807277,882.5,677.3333129882812
1671000807284,884.1666259765625,676.5
1671000807290,884.1666259765625,674.8333129882812
1671000807298,885,672.3333129882812
1671000807306,885.8333129882812,670.6666259765625
1671000807314,886.6666259765625,669
1671000807322,886.6666259765625,668.1666259765625
1671000807330,887.5,665.6666259765625
1671000807338,889.1666259765625,663.1666259765625
1671000807344,889.1666259765625,662.3333129882812
1671000807360,889.1666259765625,661.5
1671000807367,890,659.8333129882812
1671000807376,890.8333129882812,659
1671000807384,890.8333129882812,657.3333129882812
1671000807392,890.8333129882812,656.5
1671000807400,890.8333129882812,655.6666259765625
1671000807408,890.8333129882812,654
1671000807416,890.8333129882812,652.3333129882812
1671000807424,890.8333129882812,650.6666259765625
1671000807432,890.8333129882812,649
1671000807440,890.8333129882812,647.3333129882812
1671000807448,890.8333129882812,644.8333129882812
1671000807456,890.8333129882812,643.1666259765625
1671000807464,890.8333129882812,640.6666259765625
1671000807472,890.8333129882812,639.8333129882812
1671000807478,890.8333129882812,638.1666259765625
1671000807486,890,637.3333129882812
1671000807494,889.1666259765625,635.6666259765625
1671000807512,888.3333129882812,634
1671000807519,887.5,632.3333129882812
1671000807526,887.5,631.5
1671000807534,886.6666259765625,630.6666259765625
1671000807542,885.8333129882812,629
1671000807550,885,628.1666259765625
1671000807558,884.1666259765625,627.3333129882812
1671000807566,883.3333129882812,625.6666259765625
1671000807574,882.5,625.6666259765625
1671000807589,882.5,624.8333129882812
1671000807610,881.6666259765625,624.8333129882812
1671000807620,881.6666259765625,624
1671000807628,880,623.1666259765625
1671000807636,878.3333129882812,622.3333129882812
1671000807644,876.6666259765625,620.6666259765625
1671000807652,875,619.8333129882812
1671000807660,873.3333129882812,618.1666259765625
1671000807668,870.8333129882812,618.1666259765625
1671000807676,867.5,618.1666259765625
1671000807684,866.6666259765625,617.3333129882812
1671000807692,863.3333129882812,617.3333129882812
1671000807700,860,615.6666259765625
1671000807708,855.8333129882812,614.8333129882812
1671000807716,851.6666259765625,614
1671000807724,847.5000610351562,613.1666259765625
1671000807730,845.8333129882812,611.5
1671000807738,843.3333129882812,610.6666259765625
1671000807746,841.6666259765625,610.6666259765625
1671000807754,840.0000610351562,610.6666259765625
1671000807762,839.1666259765625,610.6666259765625
1671000807770,838.3333129882812,610.6666259765625
1671000807778,837.5000610351562,610.6666259765625
1671000807797,836.6666259765625,610.6666259765625
1671000807811,835.8333129882812,610.6666259765625
1671000807866,835.0000610351562,610.6666259765625
1671000807884,834.1666259765625,610.6666259765625
1671000807901,832.5000610351562,610.6666259765625
1671000807908,831.6666259765625,610.6666259765625
1671000807915,830.0000610351562,610.6666259765625
1671000807922,829.1666259765625,610.6666259765625
1671000807929,829.1666259765625,609.8333129882812
1671000807970,828.3333129882812,609.8333129882812
1671000807999,827.5000610351562,609
1671000808006,826.6666259765625,609
1671000808026,825.8333129882812,609
1671000808033,825.0000610351562,609
1671000808040,824.1666259765625,608.1666259765625
1671000808182,823.3333129882812,608.1666259765625
1671000808188,822.5000610351562,608.1666259765625
1671000810753,937.5,681.5
1671000810804,938.3333129882812,681.5
1671000810811,938.3333129882812,680.6666259765625
1671000810818,939.1666259765625,679.8333129882812
1671000810826,940,679
1671000810834,942.5,679
1671000810842,943.3333129882812,678.1666259765625
1671000810850,945,678.1666259765625
1671000810858,945.8333129882812,678.1666259765625
1671000810866,948.3333129882812,678.1666259765625
1671000810874,950.8333129882812,678.1666259765625
1671000810882,958.3333129882812,678.1666259765625
1671000810890,962.5,678.1666259765625
1671000810898,967.5,678.1666259765625
1671000810906,974.1666259765625,677.3333129882812
1671000810914,979.1666259765625,677.3333129882812
1671000810920,983.3333129882812,677.3333129882812
1671000810928,985,677.3333129882812
1671000810936,988.3333129882812,676.5
1671000810944,990.8333129882812,676.5
1671000810952,991.6666259765625,676.5
1671000810960,992.5,676.5
1671000810994,993.3333129882812,676.5
1671000811000,994.1666259765625,676.5
1671000811008,995,676.5
1671000811026,995.8333129882812,676.5
1671000811033,996.6666259765625,676.5
1671000811072,997.5,676.5
1671000811467,1026.6666259765625,679
1671000811504,1027.5,679
1671000811519,1028.333251953125,679
1671000811526,1031.6666259765625,679
1671000811533,1034.1666259765625,679
1671000811540,1037.5,679
1671000811547,1046.6666259765625,679
1671000811554,1055.833251953125,679
1671000811560,1063.333251953125,677.3333129882812
1671000811567,1068.333251953125,677.3333129882812
1671000811574,1076.6666259765625,676.5
1671000811582,1085.833251953125,676.5
1671000811590,1093.333251953125,676.5
1671000811598,1098.333251953125,676.5
1671000811606,1105.833251953125,676.5
1671000811614,1109.1666259765625,676.5
1671000811622,1112.5,676.5
1671000811637,1115,676.5
1671000811664,1115.833251953125,676.5
1671000815143,1130.833251953125,642.3333129882812
1671000815216,1130.833251953125,641.5
1671000815222,1130,639
1671000815230,1130,636.5
1671000815238,1129.1666259765625,634
1671000815246,1129.1666259765625,631.5
1671000815252,1129.1666259765625,626.5
1671000815268,1129.1666259765625,622.3333129882812
1671000815276,1129.1666259765625,619
1671000815284,1128.333251953125,616.5
1671000815292,1128.333251953125,614
1671000815300,1128.333251953125,613.1666259765625
1671000815308,1128.333251953125,610.6666259765625
1671000815316,1128.333251953125,608.1666259765625
1671000815331,1128.333251953125,605.6666259765625
1671000815338,1128.333251953125,604
1671000815345,1128.333251953125,601.5
1671000815352,1128.333251953125,599.8333129882812
1671000815359,1128.333251953125,597.3333129882812
1671000815366,1127.5,594
1671000815373,1127.5,590.6666259765625
1671000815380,1127.5,588.1666259765625
1671000815386,1127.5,586.5
1671000815394,1127.5,584
1671000815402,1127.5,582.3333129882812
1671000815410,1127.5,579.8333129882812
1671000815418,1127.5,577.3333129882812
1671000815426,1127.5,574.8333129882812
1671000815434,1127.5,572.3333129882812
1671000815449,1127.5,569
1671000815456,1127.5,566.5
1671000815463,1127.5,564.8333129882812
1671000815470,1127.5,563.1666259765625
1671000815477,1127.5,562.3333129882812
1671000815484,1127.5,560.6666259765625
1671000815491,1127.5,559
1671000815498,1127.5,556.5
1671000815506,1127.5,554.8333129882812
1671000815514,1127.5,552.3333129882812
1671000815520,1127.5,550.6666259765625
1671000815539,1127.5,549
1671000815560,1127.5,548.1666259765625
1671000815568,1127.5,546.5
1671000815576,1127.5,545.6666259765625
1671000815584,1127.5,544
1671000815592,1127.5,542.3333129882812
1671000815600,1127.5,540.6666259765625
1671000815608,1127.5,539.8333129882812
1671000816437,1010.8333129882812,435.6666564941406
1671000816579,1011.6666259765625,435.6666564941406
1671000816584,1012.5,435.6666564941406
1671000816592,1013.3333129882812,435.6666564941406
1671000816600,1013.3333129882812,434.83331298828125
1671000816608,1014.1666259765625,434.83331298828125
1671000816616,1015,434.83331298828125
1671000816625,1015.8333129882812,434.83331298828125
1671000816632,1017.5,434.83331298828125
1671000816640,1020,434.83331298828125
1671000816646,1026.6666259765625,434.83331298828125
1671000816654,1030,434.83331298828125
1671000816662,1034.1666259765625,434.83331298828125
1671000816670,1037.5,434.83331298828125
1671000816685,1044.1666259765625,434.83331298828125
1671000816692,1045.833251953125,434.83331298828125
1671000816699,1052.5,434.0000305175781
1671000816706,1060,434.0000305175781
1671000816713,1063.333251953125,434.0000305175781
1671000816719,1071.6666259765625,434.0000305175781
1671000816726,1076.6666259765625,434.0000305175781
1671000816734,1081.6666259765625,434.0000305175781
1671000816742,1083.333251953125,434.0000305175781
1671000816750,1087.5,434.0000305175781
1671000816758,1091.6666259765625,434.0000305175781
1671000816764,1093.333251953125,434.0000305175781
1671000816772,1099.1666259765625,434.0000305175781
1671000816789,1109.1666259765625,434.0000305175781
1671000816796,1115,433.1666564941406
1671000816804,1119.1666259765625,433.1666564941406
1671000816812,1125.833251953125,433.1666564941406
1671000816820,1132.5,433.1666564941406
1671000816828,1139.1666259765625,432.33331298828125
1671000816836,1145,432.33331298828125
1671000816844,1148.333251953125,431.5000305175781
1671000816852,1156.6666259765625,430.6666564941406
1671000816860,1165.833251953125,429.83331298828125
1671000816868,1172.5,429.83331298828125
1671000816876,1176.6666259765625,429.0000305175781
1671000816884,1185.833251953125,427.33331298828125
1671000816892,1193.333251953125,427.33331298828125
1671000816898,1198.333251953125,426.5
1671000816906,1204.1666259765625,426.5
1671000816921,1210,425.66668701171875
1671000816928,1216.6666259765625,425.66668701171875
1671000816935,1219.1666259765625,425.66668701171875
1671000816942,1220,425.66668701171875
1671000816949,1221.6666259765625,425.66668701171875
1671000816956,1222.5,425.66668701171875
1671000816963,1224.1666259765625,425.66668701171875
1671000816970,1226.6666259765625,425.66668701171875
1671000816978,1228.333251953125,425.66668701171875
1671000816986,1230,425.66668701171875
1671000816994,1230.833251953125,425.66668701171875
1671000817002,1233.333251953125,425.66668701171875
1671000817010,1235,425.66668701171875
1671000817016,1236.6666259765625,425.66668701171875
1671000817024,1238.333251953125,425.66668701171875
1671000817146,1239.1666259765625,425.66668701171875
1671000817201,1240,425.66668701171875
1671000817248,1240,426.5
1671000817272,1240,427.33331298828125
1671000817293,1240,428.1666564941406
1671000817341,1239.1666259765625,428.1666564941406
1671000817358,1239.1666259765625,429.83331298828125
1671000817379,1239.1666259765625,430.6666564941406
1671000817400,1238.333251953125,430.6666564941406
1671000817428,1238.333251953125,432.33331298828125
1671000817435,1238.333251953125,433.1666564941406
1671000817442,1237.5,433.1666564941406
1671000817450,1237.5,434.83331298828125
1671000817458,1236.6666259765625,434.83331298828125
1671000817466,1235.833251953125,436.5000305175781
1671000817483,1235,437.33331298828125
1671000817491,1234.1666259765625,438.1666564941406
1671000817498,1234.1666259765625,439.83331298828125
1671000817506,1233.333251953125,440.6666564941406
1671000817514,1232.5,441.5000305175781
1671000817520,1232.5,442.33331298828125
1671000817540,1231.6666259765625,443.1666564941406
1671000817546,1231.6666259765625,444.0000305175781
1671000817553,1230.833251953125,444.0000305175781
1671000817560,1230,444.0000305175781
1671000817568,1230,445.6666564941406
1671000817576,1228.333251953125,446.5000305175781
1671000817584,1228.333251953125,448.1666564941406
1671000817592,1227.5,449.0000305175781
1671000817600,1226.6666259765625,449.0000305175781
1671000817622,1225,450.6666564941406
1671000817629,1223.333251953125,453.1666564941406
1671000817636,1221.6666259765625,454.83331298828125
1671000817643,1220,456.5000305175781
1671000817650,1218.333251953125,458.1666564941406
1671000817657,1216.6666259765625,459.0000305175781
1671000817664,1215.833251953125,459.83331298828125
1671000817672,1214.1666259765625,461.5000305175781
1671000817678,1212.5,462.33331298828125
1671000817699,1210.833251953125,463.1666564941406
1671000817705,1210,464.0000305175781
1671000817712,1209.1666259765625,465.6666564941406
1671000817719,1206.6666259765625,468.1666564941406
1671000817726,1205,469.83331298828125
1671000817734,1203.333251953125,472.33331298828125
1671000817742,1201.6666259765625,474.0000305175781
1671000817750,1200,474.83331298828125
1671000817758,1196.6666259765625,478.1666564941406
1671000817766,1195.833251953125,478.1666564941406
1671000817774,1193.333251953125,482.33331298828125
1671000817782,1190.833251953125,484.0000305175781
1671000817790,1190,484.83331298828125
1671000817796,1187.5,487.33331298828125
1671000817804,1184.1666259765625,490.6666564941406
1671000817812,1180.833251953125,491.5000305175781
1671000817820,1178.333251953125,494.0000305175781
1671000817828,1176.6666259765625,494.83331298828125
1671000817836,1174.1666259765625,496.5000305175781
1671000817844,1173.333251953125,497.33331298828125
1671000817852,1172.5,499.0000305175781
1671000817860,1170,500.6666564941406
1671000817868,1167.5,503.1666564941406
1671000817876,1165,504.83331298828125
1671000817884,1164.1666259765625,506.5000305175781
1671000817892,1163.333251953125,507.33331298828125
1671000817900,1160.833251953125,509.0000305175781
1671000817908,1159.1666259765625,509.83331298828125
1671000817914,1158.333251953125,510.6666564941406
1671000817922,1155.833251953125,511.5000305175781
1671000817930,1155,512.3333129882812
1671000817938,1153.333251953125,514
1671000817946,1152.5,514
1671000817954,1151.6666259765625,515.6666259765625
1671000817970,1150,516.5
1671000817976,1148.333251953125,517.3333129882812
1671000817983,1146.6666259765625,518.1666259765625
1671000817990,1145,519
1671000817997,1143.333251953125,519.8333129882812
1671000818004,1141.6666259765625,519.8333129882812
1671000818011,1140,520.6666259765625
1671000818018,1138.333251953125,520.6666259765625
1671000818026,1137.5,520.6666259765625
1671000818032,1135.833251953125,521.5
1671000818042,1133.333251953125,521.5
1671000818048,1132.5,522.3333129882812
1671000818056,1130.833251953125,523.1666259765625
1671000818064,1130,523.1666259765625
1671000818072,1127.5,523.1666259765625
1671000818080,1126.6666259765625,524
1671000818088,1125.833251953125,524
1671000818096,1124.1666259765625,524.8333129882812
1671000818104,1121.6666259765625,524.8333129882812
1671000818112,1119.1666259765625,524.8333129882812
1671000818120,1116.6666259765625,524.8333129882812
1671000818128,1114.1666259765625,524.8333129882812
1671000818136,1111.6666259765625,524.8333129882812
1671000818144,1109.1666259765625,524.8333129882812
1671000818152,1106.6666259765625,524.8333129882812
1671000818160,1105,524.8333129882812
1671000818166,1103.333251953125,524.8333129882812
1671000818174,1100.833251953125,524.8333129882812
1671000818182,1098.333251953125,524.8333129882812
1671000818190,1095.833251953125,524.8333129882812
1671000818198,1093.333251953125,524.8333129882812
1671000818206,1090.833251953125,524
1671000818214,1089.1666259765625,523.1666259765625
1671000818222,1087.5,521.5
1671000818230,1084.1666259765625,520.6666259765625
1671000818238,1083.333251953125,519
1671000818246,1082.5,518.1666259765625
1671000818261,1080.833251953125,517.3333129882812
1671000818268,1079.1666259765625,516.5
1671000818275,1078.333251953125,516.5
1671000818282,1075.833251953125,514
1671000818289,1074.1666259765625,513.1666259765625
1671000818296,1073.333251953125,511.5000305175781
1671000818302,1070.833251953125,509.0000305175781
1671000818309,1069.1666259765625,507.33331298828125
1671000818316,1067.5,505.6666564941406
1671000818324,1065.833251953125,505.6666564941406
1671000818332,1063.333251953125,503.1666564941406
1671000818340,1061.6666259765625,502.33331298828125
1671000818348,1059.1666259765625,499.83331298828125
1671000818356,1056.6666259765625,499.0000305175781
1671000818364,1054.1666259765625,497.33331298828125
1671000818379,1051.6666259765625,496.5000305175781
1671000818386,1048.333251953125,494.0000305175781
1671000818393,1045,491.5000305175781
1671000818400,1042.5,490.6666564941406
1671000818407,1040,489.0000305175781
1671000818414,1038.333251953125,488.1666564941406
1671000818420,1035.833251953125,486.5000305175781
1671000818427,1031.6666259765625,484.83331298828125
1671000818434,1028.333251953125,482.33331298828125
1671000818442,1025,482.33331298828125
1671000818450,1020,479.0000305175781
1671000818458,1017.5,478.1666564941406
1671000818466,1015,475.6666564941406
1671000818474,1012.5,474.0000305175781
1671000818483,1010,473.1666564941406
1671000818491,1007.5,471.5000305175781
1671000818498,1006.6666259765625,469.83331298828125
1671000818506,1005,469.0000305175781
1671000818514,1004.1666259765625,468.1666564941406
1671000818522,1002.5,467.33331298828125
1671000818530,1001.6666259765625,465.6666564941406
1671000818538,1000.8333129882812,464.83331298828125
1671000818546,999.1666259765625,463.1666564941406
1671000818554,998.3333129882812,462.33331298828125
1671000818560,997.5,460.6666564941406
1671000818568,996.6666259765625,460.6666564941406
1671000818587,996.6666259765625,459.83331298828125
1671000818594,995.8333129882812,459.83331298828125
1671000818615,995,458.1666564941406
1671000818622,994.1666259765625,457.33331298828125
1671000818632,994.1666259765625,456.5000305175781
1671000818640,993.3333129882812,455.6666564941406
1671000818657,993.3333129882812,454.83331298828125
1671000818664,992.5,453.1666564941406
1671000818672,991.6666259765625,452.33331298828125
1671000818678,991.6666259765625,451.5000305175781
1671000818686,990.8333129882812,451.5000305175781
1671000818694,990.8333129882812,449.83331298828125
1671000818702,990.8333129882812,449.0000305175781
1671000818710,990.8333129882812,448.1666564941406
1671000818718,990.8333129882812,447.33331298828125
1671000818733,990,447.33331298828125
1671000818754,989.1666259765625,445.6666564941406
1671000818766,989.1666259765625,444.83331298828125
1671000818932,989.1666259765625,444.0000305175781
1671000818938,989.1666259765625,443.1666564941406
1671000818946,989.1666259765625,442.33331298828125
1671000818954,989.1666259765625,441.5000305175781
1671000818963,990,441.5000305175781
1671000818970,990,439.83331298828125
1671000818995,990,439.0000305175781
1671000819018,990,437.33331298828125
1671000819025,990.8333129882812,437.33331298828125
1671000819034,990.8333129882812,436.5000305175781
1671000819179,991.6666259765625,436.5000305175781
1671000819184,992.5,436.5000305175781
1671000819191,993.3333129882812,436.5000305175781
1671000819198,994.1666259765625,436.5000305175781
1671000819223,995,436.5000305175781
1671000819240,995.8333129882812,436.5000305175781
1671000819247,996.6666259765625,436.5000305175781
1671000819254,997.5,436.5000305175781
1671000819279,999.1666259765625,436.5000305175781
1671000819286,1000,436.5000305175781
1671000819294,1000.8333129882812,436.5000305175781
1671000819309,1002.5,437.33331298828125
1671000819316,1003.3333129882812,437.33331298828125
1671000819324,1004.1666259765625,437.33331298828125
1671000819374,1005.8333129882812,437.33331298828125
1671000819380,1005.8333129882812,438.1666564941406
1671000819399,1006.6666259765625,438.1666564941406
1671000819421,1007.5,438.1666564941406
1671000819428,1008.3333129882812,438.1666564941406
1671000819434,1009.1666259765625,438.1666564941406
1671000819442,1010,438.1666564941406
1671000819450,1011.6666259765625,438.1666564941406
1671000819458,1012.5,438.1666564941406
1671000819466,1013.3333129882812,438.1666564941406
1671000826735,1121.6666259765625,106.5
1671000826761,1122.5,106.5
1671000826768,1123.333251953125,106.5
1671000826776,1124.1666259765625,107.33333587646484
1671000826782,1125,110.66665649414062
1671000826792,1125.833251953125,112.33333587646484
1671000826798,1127.5,114.83333587646484
1671000826806,1127.5,115.66665649414062
1671000826814,1129.1666259765625,121.5
1671000826822,1130,124
1671000826830,1130.833251953125,128.16665649414062
1671000826838,1130.833251953125,130.66665649414062
1671000826846,1130.833251953125,133.16665649414062
1671000826854,1130.833251953125,139
1671000826862,1130.833251953125,149
1671000826870,1130.833251953125,155.66665649414062
1671000826878,1130.833251953125,160.6666717529297
1671000826886,1130.833251953125,169
1671000826894,1130.833251953125,172.3333282470703
1671000826902,1130.833251953125,176.5
1671000826910,1130.833251953125,179.8333282470703
1671000826916,1130.833251953125,183.1666717529297
1671000826924,1131.6666259765625,187.33331298828125
1671000826932,1131.6666259765625,189.83331298828125
1671000826941,1131.6666259765625,191.5
1671000826948,1131.6666259765625,194
1671000826956,1131.6666259765625,197.33331298828125
1671000826964,1132.5,200.6666717529297
1671000826972,1132.5,203.1666717529297
1671000826980,1132.5,206.5
1671000826995,1132.5,209.83331298828125
1671000827002,1132.5,212.33331298828125
1671000827009,1132.5,216.50001525878906
1671000827016,1133.333251953125,219.00001525878906
1671000827023,1133.333251953125,222.33331298828125
1671000827030,1133.333251953125,226.50001525878906
1671000827037,1133.333251953125,228.16665649414062
1671000827044,1133.333251953125,229.83331298828125
1671000827052,1134.1666259765625,231.50001525878906
1671000827058,1134.1666259765625,233.16665649414062
1671000827066,1134.1666259765625,234.00001525878906
1671000827074,1134.1666259765625,234.83331298828125
1671000827235,1134.1666259765625,236.50001525878906
1671000827240,1135.833251953125,239.00001525878906
1671000827265,1135.833251953125,239.83331298828125
1671000827432,1135.833251953125,239.00001525878906
1671000827439,1135.833251953125,238.16665649414062
1671000827447,1136.6666259765625,236.50001525878906
1671000827453,1138.333251953125,232.33331298828125
1671000827460,1140.833251953125,229.83331298828125
1671000827474,1144.1666259765625,225.66665649414062
1671000827481,1146.6666259765625,221.50001525878906
1671000827488,1150.833251953125,217.33331298828125
1671000827495,1154.1666259765625,214.83331298828125
1671000827502,1157.5,210.6666717529297
1671000827509,1162.5,204.83331298828125
1671000827516,1167.5,199
1671000827524,1175,194.83331298828125
1671000827532,1180.833251953125,189.83331298828125
1671000827540,1186.6666259765625,185.6666717529297
1671000827548,1189.1666259765625,183.1666717529297
1671000827554,1195,179
1671000827562,1205,172.3333282470703
1671000827570,1210,169
1671000827578,1215,165.6666717529297
1671000827586,1218.333251953125,162.3333282470703
1671000827594,1222.5,161.5
1671000827602,1225.833251953125,157.3333282470703
1671000827610,1230,153.16665649414062
1671000827618,1232.5,150.66665649414062
1671000827626,1236.6666259765625,146.5
1671000827641,1240,144
1671000827648,1243.333251953125,139.8333282470703
1671000827655,1245,138.16665649414062
1671000827662,1247.5,135.66665649414062
1671000827669,1250.833251953125,131.5
1671000827676,1257.5,127.33333587646484
1671000827683,1263.333251953125,122.33333587646484
1671000827690,1267.5,119.83333587646484
1671000827697,1273.333251953125,114
1671000827704,1277.5,111.5
1671000827712,1282.5001220703125,107.33333587646484
1671000827720,1286.6666259765625,104.83332824707031
1671000827728,1288.333251953125,104
1671000827736,1290.833251953125,102.33332824707031
1671000827744,1292.5001220703125,99.83332824707031
1671000827766,1292.5001220703125,99
1671000827773,1293.333251953125,98.16666412353516
1671000827780,1294.1666259765625,97.33332824707031
1671000827943,1295.0001220703125,97.33332824707031
1671000827965,1295.833251953125,98.16666412353516
1671000827972,1296.6666259765625,99
1671000827980,1297.5001220703125,100.66666412353516
1671000827995,1297.5001220703125,102.33332824707031
1671000828002,1299.1666259765625,104
1671000828009,1300.0001220703125,104.83332824707031
1671000828016,1301.6666259765625,109
1671000828023,1304.1666259765625,118.16665649414062
1671000828030,1306.6666259765625,124
1671000828037,1309.1666259765625,129
1671000828044,1311.6666259765625,134.8333282470703
1671000828052,1314.1666259765625,136.5
1671000828058,1315.0001220703125,139
1671000828066,1316.6666259765625,148.16665649414062
1671000828074,1319.1666259765625,151.5
1671000828082,1320.833251953125,159.8333282470703
1671000828090,1321.6666259765625,161.5
1671000828098,1323.333251953125,165.6666717529297
1671000828113,1324.1666259765625,169.8333282470703
1671000828120,1325.833251953125,176.5
1671000828127,1326.6666259765625,179.8333282470703
1671000828134,1327.5001220703125,184.8333282470703
1671000828141,1327.5001220703125,186.5
1671000828148,1328.333251953125,188.1666717529297
1671000828169,1329.1666259765625,197.33331298828125
1671000828178,1330.0001220703125,199
1671000828186,1330.833251953125,203.1666717529297
1671000828192,1330.833251953125,209
1671000828200,1331.6666259765625,214.83331298828125
1671000828208,1332.5001220703125,221.50001525878906
1671000828216,1332.5001220703125,228.16665649414062
1671000828231,1333.333251953125,230.66665649414062
1671000828238,1333.333251953125,233.16665649414062
1671000828245,1333.333251953125,234.83331298828125
1671000828252,1333.333251953125,236.50001525878906
1671000828259,1333.333251953125,239.00001525878906
1671000828266,1333.333251953125,239.83331298828125
1671000828273,1333.333251953125,240.66665649414062
1671000828280,1333.333251953125,242.33331298828125
1671000828287,1334.1666259765625,244.00001525878906
1671000828296,1334.1666259765625,245.66665649414062
1671000828302,1334.1666259765625,247.33331298828125
1671000828310,1334.1666259765625,248.16665649414062
1671000828328,1334.1666259765625,249.83331298828125
1671000828349,1334.1666259765625,250.66665649414062
1671000828359,1334.1666259765625,251.50001525878906
1671000828377,1334.1666259765625,252.33331298828125
1671000828548,1333.333251953125,252.33331298828125
1671000828556,1331.6666259765625,252.33331298828125
1671000828562,1330.833251953125,250.66665649414062
1671000828570,1329.1666259765625,250.66665649414062
1671000828585,1326.6666259765625,248.16665649414062
1671000828592,1324.1666259765625,247.33331298828125
1671000828600,1322.5001220703125,245.66665649414062
1671000828606,1320.0001220703125,244.00001525878906
1671000828613,1317.5001220703125,241.50001525878906
1671000828620,1315.833251953125,239.83331298828125
1671000828627,1312.5001220703125,238.16665649414062
1671000828634,1310.833251953125,236.50001525878906
1671000828642,1306.6666259765625,234.00001525878906
1671000828650,1303.333251953125,230.66665649414062
1671000828658,1295.0001220703125,226.50001525878906
1671000828666,1291.6666259765625,224.00001525878906
1671000828674,1286.6666259765625,221.50001525878906
1671000828680,1283.333251953125,219.00001525878906
1671000828688,1279.1666259765625,217.33331298828125
1671000828703,1275,215.66665649414062
1671000828710,1268.333251953125,213.1666717529297
1671000828717,1260,208.1666717529297
1671000828724,1254.1666259765625,204
1671000828731,1249.1666259765625,201.5
1671000828738,1243.333251953125,198.1666717529297
1671000828745,1238.333251953125,194
1671000828753,1234.1666259765625,192.33331298828125
1671000828760,1229.1666259765625,189.83331298828125
1671000828768,1225,186.5
1671000828776,1219.1666259765625,183.1666717529297
1671000828784,1215.833251953125,181.5
1671000828792,1209.1666259765625,176.5
1671000828800,1202.5,171.5
1671000828807,1195.833251953125,165.6666717529297
1671000828816,1191.6666259765625,162.3333282470703
1671000828822,1185,158.16665649414062
1671000828830,1181.6666259765625,155.66665649414062
1671000828838,1176.6666259765625,152.3333282470703
1671000828846,1172.5,149
1671000828854,1170,146.5
1671000828862,1166.6666259765625,144
1671000828870,1165.833251953125,143.16665649414062
1671000828878,1164.1666259765625,142.3333282470703
1671000828886,1163.333251953125,141.5
1671000828894,1162.5,141.5
1671000828902,1162.5,140.66665649414062
1671000828910,1162.5,139.8333282470703
1671000828918,1161.6666259765625,139
1671000828926,1160.833251953125,139
1671000828934,1160,137.3333282470703
1671000828940,1156.6666259765625,134
1671000828948,1155,132.3333282470703
1671000828956,1154.1666259765625,130.66665649414062
1671000828964,1151.6666259765625,129
1671000828972,1151.6666259765625,128.16665649414062
1671000828980,1150,128.16665649414062
1671000828995,1150,127.33333587646484
1671000829006,1149.1666259765625,127.33333587646484
1671000829012,1148.333251953125,127.33333587646484
1671000829020,1147.5,127.33333587646484
1671000829037,1146.6666259765625,125.66665649414062
1671000829044,1145,125.66665649414062
1671000829050,1143.333251953125,124
1671000829058,1142.5,123.16665649414062
1671000829066,1140,121.5
1671000829074,1135.833251953125,119
1671000829092,1135,118.16665649414062
1671000829099,1133.333251953125,117.33333587646484
1671000829106,1131.6666259765625,116.5
1671000829114,1130,114.83333587646484
1671000829122,1129.1666259765625,114.83333587646484
1671000829141,1128.333251953125,114.83333587646484
1671000829202,1128.333251953125,114
1671000830235,1209.1666259765625,192.33331298828125
1671000830282,1210,193.1666717529297
1671000830300,1210.833251953125,194
1671000830307,1210.833251953125,194.83331298828125
1671000830314,1211.6666259765625,194.83331298828125
1671000830321,1212.5,194.83331298828125
1671000830334,1213.333251953125,195.6666717529297
1671000830343,1213.333251953125,196.5
1671000830350,1214.1666259765625,199
1671000830358,1215,203.1666717529297
1671000830366,1215,204.83331298828125
1671000830374,1215.833251953125,208.1666717529297
1671000830382,1215.833251953125,212.33331298828125
1671000830390,1215.833251953125,220.66665649414062
1671000830398,1215.833251953125,224.83331298828125
1671000830406,1215.833251953125,230.66665649414062
1671000830414,1215.833251953125,234.00001525878906
1671000830422,1215.833251953125,238.16665649414062
1671000830430,1215.833251953125,242.33331298828125
1671000830438,1215.833251953125,244.00001525878906
1671000830444,1215.833251953125,245.66665649414062
1671000830460,1215.833251953125,247.33331298828125
1671000830467,1215.833251953125,249.83331298828125
1671000830474,1215.833251953125,254.00001525878906
1671000830481,1215.833251953125,259
1671000830488,1215.833251953125,262.33331298828125
1671000830495,1215,269
1671000830502,1214.1666259765625,279
1671000830508,1212.5,286.5
1671000830516,1210.833251953125,294
1671000830524,1209.1666259765625,297.33331298828125
1671000830532,1207.5,303.1666564941406
1671000830540,1205,309
1671000830548,1203.333251953125,314
1671000830556,1202.5,319
1671000830571,1201.6666259765625,321.5
1671000830578,1200.833251953125,325.66668701171875
1671000830585,1200.833251953125,328.16668701171875
1671000830592,1200.833251953125,330.66668701171875
1671000830599,1200,333.16668701171875
1671000830606,1200,334
1671000830613,1200,334.83331298828125
1671000830620,1200,338.16668701171875
1671000830627,1200,339.83331298828125
1671000830634,1199.1666259765625,344.83331298828125
1671000830642,1198.333251953125,349.83331298828125
1671000830650,1197.5,353.16668701171875
1671000830658,1195.833251953125,357.33331298828125
1671000830666,1194.1666259765625,361.5
1671000830674,1194.1666259765625,364
1671000830689,1192.5,366.5
1671000830696,1190.833251953125,368.16668701171875
1671000830703,1190.833251953125,369.83331298828125
1671000830710,1189.1666259765625,372.33331298828125
1671000830717,1188.333251953125,373.16668701171875
1671000830724,1188.333251953125,375.66668701171875
1671000830731,1186.6666259765625,379
1671000830738,1185.833251953125,380.66668701171875
1671000830745,1185,383.16668701171875
1671000830752,1184.1666259765625,384.83331298828125
1671000830760,1183.333251953125,389
1671000830768,1182.5,391.5
1671000830776,1182.5,392.33331298828125
1671000830784,1180.833251953125,396.5
1671000830792,1180,400.66668701171875
1671000830807,1178.333251953125,404
1671000830814,1176.6666259765625,408.16668701171875
1671000830821,1175.833251953125,410.66668701171875
1671000830828,1174.1666259765625,413.16668701171875
1671000830835,1173.333251953125,415.66668701171875
1671000830842,1172.5,418.16668701171875
1671000830849,1170.833251953125,419
1671000830856,1170.833251953125,420.66668701171875
1671000830863,1170,421.5
1671000830870,1169.1666259765625,422.33331298828125
1671000830878,1169.1666259765625,424
1671000830887,1169.1666259765625,424.83331298828125
1671000830894,1168.333251953125,425.66668701171875
1671000830902,1168.333251953125,427.33331298828125
1671000830910,1167.5,428.1666564941406
1671000830925,1167.5,429.83331298828125
1671000830932,1166.6666259765625,430.6666564941406
1671000830939,1166.6666259765625,431.5000305175781
1671000830946,1165.833251953125,432.33331298828125
